{"current_state_1": [1, 2, 17, 13, 29, 87, 123, 281, 416, 325, 419, 490, 427, 377, 463], "current_state_2": [10, 11, 13, 16, 26, 52, 64, 185, 521, 873, 1141, 1506, 1863, 2256, 2567], "isolated_miss_rate": [93.99141630901288, 17.391304347826086, 0.0, 0.0, 0.0], "Accumulate_infect": [11, 13, 30, 43, 69, 153, 258, 537, 1008, 1279, 1641, 2077, 2377, 2720, 3117], "Accumulate_cured": [0, 0, 0, 233, 233, 233, 302, 302, 302, 312, 312, 312, 318, 318, 318]}