{"current_state_1": [2, 3, 11, 7, 24, 58, 39, 181, 392, 407, 430, 499, 446, 479, 461], "current_state_2": [10, 12, 15, 8, 15, 36, 44, 82, 323, 640, 1006, 1377, 1745, 2090, 2478], "isolated_miss_rate": [91.38755980861244, 62.5, 0.0, 0.0, 0.0], "infected_isolated_rate": [69.23076923076923, 53.57142857142857, 9.67741935483871, 4.15171706817017, 2.847682119205298], "Accumulate_infect": [12, 15, 26, 33, 57, 112, 143, 323, 775, 1122, 1511, 1951, 2272, 2650, 3020], "Accumulate_cured": [0, 0, 0, 209, 209, 209, 321, 321, 321, 336, 336, 336, 342, 342, 342]}