{"current_state_1": [0, 3, 4, 2, 9, 14, 4, 22, 93, 114, 252, 412, 367, 390, 450], "current_state_2": [10, 10, 13, 4, 6, 15, 9, 14, 42, 72, 194, 518, 860, 1171, 1533], "isolated_miss_rate": [94.4206008583691, 90.61032863849765, 43.0, 0.0, 0.0], "infected_isolated_rate": [94.4206008583691, 90.61032863849765, 43.0, 0.0, 0.0], "Accumulate_infect": [10, 13, 17, 19, 28, 42, 46, 69, 168, 276, 536, 1020, 1328, 1662, 2084], "Accumulate_cured": [0, 0, 0, 233, 233, 233, 446, 446, 446, 546, 546, 546, 557, 557, 557]}